{
	"schemaVersion": 1,
	"id": "illusions",
	"version": "${version}",
	"name": "Illusions",
	"description": "This is an example description! Tell everyone what your mod is about!",
	"authors": [
		"Me!"
	],
	"contact": {
		"homepage": "https://fabricmc.net/",
		"sources": "https://github.com/FabricMC/fabric-example-mod"
	},
	"license": "CC0-1.0",
	"icon": "assets/illusions/icon.png",
	"environment": "*",
	"entrypoints": {
		"main": [
			"net.mango.illusions.Illusions"
		],
		"fabric-datagen": [
			"net.mango.illusions.IllusionsDataGenerator"
		]
	},
	"mixins": [
		"illusions.mixins.json"
	],
	"depends": {
		"fabricloader": ">=0.16.10",
		"minecraft": "~1.20.1",
		"java": ">=17",
		"fabric-api": "*"
	},
	"suggests": {
		"another-mod": "*"
	}
}